{
  "session": 2025,
  "executives": [
    {
      "post": "Hypothesis",
      "department": "Administration",
      "name": "Mohammad Sakib Shahriar",
      "facebook": "https://www.facebook.com/share/1DYtURM3Jo/",
      "imgUrl": "https://res.cloudinary.com/dgw46nmoh/image/upload/v1762490184/Messenger_creation_75A26940-FB89-4335-9FD0-8685164E50F7_1_keof7p.jpg"
    },
    {
      "post": "Abacus",
      "department": "Administration",
      "name": "Fardin Islam Noble",
      "facebook": "https://www.facebook.com/fardinislam.noble",
      "imgUrl": "https://res.cloudinary.com/dgw46nmoh/image/upload/v1762622628/IMG_20251108_232030_pv3yn6.jpg"
    },
    {
      "post": "Operator",
      "department": "Administration",
      "name": "Md. Rafid Arafat",
      "facebook": "https://www.facebook.com/rafid.arafat.5",
      "imgUrl": "https://res.cloudinary.com/dpz9fyyp3/image/upload/v1762517706/IMG-20250610-WA0032_od85fm.jpg"
    },
    {
      "post": "Operator",
      "department": "Administration",
      "name": "Tawsif Rahman",
      "facebook": "https://www.facebook.com/x.Tawsif",
      "imgUrl": "https://res.cloudinary.com/dgw46nmoh/image/upload/v1762453103/IMG_0478_Copy_wrdxgh.jpg"
    },
    {
      "post": "Proof",
      "department": "Academics",
      "name": "Akif Sami Malitha",
      "facebook": "https://www.facebook.com/61560512552863/",
      "imgUrl": "https://res.cloudinary.com/dgw46nmoh/image/upload/v1762622838/IMG_20251108_232041_tmsx5f.jpg"
    },
    {
      "post": "Proof",
      "department": "Academics",
      "name": "Tasdik Ahmed Tonmay",
      "facebook": "https://www.facebook.com/share/1D7SzvzqLn/",
      "imgUrl": "https://res.cloudinary.com/dgw46nmoh/image/upload/v1762518306/c9b2ff15-4edc-4435-a68b-d6b10576caa1_dpxwlf.jpg"
    },
    {
      "post": "Proof",
      "department": "Academics",
      "name": "Abhradeep Saha",
      "facebook": "https://www.facebook.com/100077743650769/",
      "imgUrl": "https://res.cloudinary.com/dtkaexoyr/image/upload/v1762618200/20250402_113106_vs6cb0.jpg"
    },
    {
      "post": "Proof",
      "department": "Academics",
      "name": "Muntasir Mahmud Chowdhury",
      "facebook": "https://www.facebook.com/100054433415207/",
      "imgUrl": "https://res.cloudinary.com/dgw46nmoh/image/upload/v1762621655/download_rbzti5.jpg"
    },
    {
      "post": "Proof",
      "department": "Academics",
      "name": "Tajrif Hasan Rafid",
      "facebook": "https://www.facebook.com/61562537985873/",
      "imgUrl": "https://res.cloudinary.com/dgw46nmoh/image/upload/v1762592969/Tajrif_Hasan_mgbmlt.jpg"
    },
    {
      "post": "Graph",
      "department": "Graphics and IT",
      "name": "F.M.Tamim Hasan",
      "facebook": "https://www.facebook.com/share/1YbWDKTwUx/",
      "imgUrl": "https://res.cloudinary.com/dgw46nmoh/image/upload/v1762594202/IMG_20251108_130920-min_p0g4aj.jpg"
    },
    {
      "post": "Graph",
      "department": "Graphics and IT",
      "name": "Md. Kauser Mahmud",
      "facebook": "https://www.facebook.com/61565605513196/",
      "imgUrl": "https://res.cloudinary.com/dgw46nmoh/image/upload/v1762606074/1712941740597_b97nj9.jpg"
    },
    {
      "post": "Graph",
      "department": "Graphics and IT",
      "name": "Towkir Mahmud Tripto",
      "facebook": "https://www.facebook.com/profile.php?id=61557900146141",
      "imgUrl": "https://res.cloudinary.com/dzyxzmdnn/image/upload/v1762449429/2025-11-05_20-45-16_ro5u7n.png"
    },
    {
      "post": "Matrix",
      "department": "Graphics and IT",
      "name": "Ibteeker Mahir Ishum",
      "facebook": "https://linktr.ee/mhrisham",
      "imgUrl": "https://res.cloudinary.com/dgw46nmoh/image/upload/v1762497241/image_2025-11-07_11-45-40_e98a3g.png"
    },
    {
      "post": "Motion",
      "department": "Graphics and IT",
      "name": "Masnoon Haider Chaudhury",
      "facebook": "https://www.facebook.com/61566374413269/",
      "imgUrl": "https://res.cloudinary.com/dgw46nmoh/image/upload/v1762610993/IMG_1345_iascgq.jpg"
    },
    {
      "post": "Projection",
      "department": "Publications",
      "name": "Snehashish Chowdhury",
      "facebook": "https://www.facebook.com/100046548140678/",
      "imgUrl": "https://res.cloudinary.com/dgw46nmoh/image/upload/v1762592970/DSC_0252_tn25ci.jpg"
    },
    {
      "post": "Projection",
      "department": "Publications",
      "name": "Rudra Poit",
      "facebook": "https://www.facebook.com/100075888608928/",
      "imgUrl": "https://res.cloudinary.com/dgw46nmoh/image/upload/v1762604861/1a90f916-fbbe-4b6e-8794-5695b40df023_hczayl.jpg"
    },
    {
      "post": "Projection",
      "department": "Publications",
      "name": "Adrito Das",
      "facebook": "https://www.facebook.com/61568140626768/",
      "imgUrl": "https://res.cloudinary.com/dgw46nmoh/image/upload/v1762605628/fff4f8fc-383e-40af-bb5e-d6c43c6e9914_mqvdw2.jpg"
    },
    {
      "post": "Projection",
      "department": "Publications",
      "name": "Mohammad Daiyan Ashraf",
      "facebook": "https://www.facebook.com/share/1RQrJTVX2d/",
      "imgUrl": "https://res.cloudinary.com/dgw46nmoh/image/upload/v1762606938/inbound6655527524161370657_lnldgn_uaacsi.jpg"
    },
    {
      "post": "Relation",
      "department": "Public Relations",
      "name": "Raiyan Ridwan",
      "facebook": "https://www.facebook.com/raiyan.ridwan.10",
      "imgUrl": "https://res.cloudinary.com/dsiqdxjo3/image/upload/v1762451887/Screenshot_2025-11-06_235748_mnufrz.png"
    },
    {
      "post": "Relation",
      "department": "Public Relations",
      "name": "Prottush Priom",
      "facebook": "https://www.facebook.com/61561161654801/",
      "imgUrl": "https://res.cloudinary.com/dgw46nmoh/image/upload/v1762520920/9c1ff527-313f-44f0-88c8-8db65884193b_x94kim.jpg"
    },
    {
      "post": "Relation",
      "department": "Public Relations",
      "name": "Ananyo Anubhav",
      "facebook": "https://www.facebook.com/ananyo.11",
      "imgUrl": "https://res.cloudinary.com/dgw46nmoh/image/upload/v1762492879/875549f5-b058-4043-bf7b-0a491ae4dd4e_h9q4gw.jpg"
    },
    {
      "post": "Field",
      "department": "Outreach",
      "name": "Arafa Al Nuhash",
      "facebook": "https://www.facebook.com/share/1D4k8Cy5HG/",
      "imgUrl": "https://res.cloudinary.com/dddocosj9/image/upload/v1762449907/IMG-20251102-WA0001_me9srp.jpg"
    },
    {
      "post": "Field",
      "department": "Outreach",
      "name": "Abdullah Al Jubayer",
      "facebook": "https://www.facebook.com/share/1BiFpT953B/",
      "imgUrl": "https://res.cloudinary.com/dgw46nmoh/image/upload/v1762517312/FB_IMG_1761506718996_q3dl6z_zoexpf.jpg"
    },
    {
      "post": "Field",
      "department": "Outreach",
      "name": "Mohammad Samin Tajuar Saymam",
      "facebook": "https://www.facebook.com/samin.tajuar.2025",
      "imgUrl": "https://res.cloudinary.com/dgyp2kiwb/image/upload/v1762456390/Screenshot_9_enx8qt.png"
    },
    {
      "post": "Image",
      "department": "Photography",
      "name": "Syed Anas",
      "facebook": "https://www.facebook.com/syed.anas.884354/",
      "imgUrl": "https://res.cloudinary.com/dgx56ico3/image/upload/v1762459766/DSC_096_owxiaj.jpg"
    },
    {
      "post": "Image",
      "department": "Photography",
      "name": "Abu Hassan Swachha",
      "facebook": "https://www.facebook.com/swachhahassan",
      "imgUrl": "https://res.cloudinary.com/dgw46nmoh/image/upload/v1762605275/IMG_1331_xiouyl_exrxqa.jpg"
    }
  ]
  }




