{
  "session": 2024,
  "executives": [
    {
      "post": "General Secretary",
      "department": "",
      "name": "Shahriar Sabit Sarthok",
      "facebook": "https://www.facebook.com/shahriar.sabit.sarthok",
      "imgUrl": "https://scontent.fdac155-1.fna.fbcdn.net/v/t39.30808-6/490385521_1105859378253234_8671575799514250294_n.jpg?_nc_cat=102&ccb=1-7&_nc_sid=127cfc&_nc_ohc=noBeHfpts0wQ7kNvwFgvH2p&_nc_oc=AdmPbl6WkzZWr72PKIKLzS9c5PkJMdzBhfhL8Yyuo7_LwzV-__guLzZNO8sxTyxnT-c&_nc_zt=23&_nc_ht=scontent.fdac155-1.fna&_nc_gid=Hs7-S3rIaSybo-of8XRQTg&oh=00_AfcVQAiskn0ez6_NjVgTwWqKUKaJ-B07ODFyKLauX753qg&oe=68EA7E0E"
    },

    {
      "post": "President",
      "department": "Administration",
      "name": "Mahir Ahamed Chowdhury",
      "facebook": "https://www.facebook.com/mahir.chowdhury.902819",
      "imgUrl": "https://res.cloudinary.com/ndmc/image/upload/q_60/v1698047018/Mahir_-_Mahir_Ahamed_rowoqq.jpg"
    },
    {
      "post": "Assistant General Secretary",
      "department": "",
      "name": "Arpon Krishna Roy ",
      "facebook": "https://www.facebook.com/arponkrishna.roy",
      "imgUrl": "https://res.cloudinary.com/ndmc/image/upload/q_60/v1698043939/DSC_0877_-_Arpon_Roy_1_zpuokf.jpg"
    },
    {
      "post": "President",
      "department": "Public Relation",
      "name": "Muhtadi Azwaad Ali",
      "facebook": "",
      "imgUrl": "https://res.cloudinary.com/ndmc/image/upload/q_60/v1698047019/Muhtadi_Azwaad_Ali_-_Muhtadi_Azwaad_Ali_aadjy0.jpg"
    },
    {
      "post": "President",
      "department": "Graphics",
      "name": "Irfan Sadiq",
      "facebook": "https://www.facebook.com/not.sadiq.irfan",
      "imgUrl": "https://res.cloudinary.com/ndmc/image/upload/q_60/v1698047027/B612_20230422_224423_997-01_-_Irfan_Sadiq_kuvitr.jpg"
    },
    {
      "post": "President",
      "department": "Academics",
      "name": "Nahian Ash-hab",
      "facebook": "https://www.facebook.com/nahian.ashhab",
      "imgUrl": "https://res.cloudinary.com/ndmc/image/upload/q_60/v1698047035/DSC_0848_-_Nahian_Ash-hab_lfuy9n.jpg"
    },
    {
      "post": "President",
      "department": "IT",
      "name": "Soumya Mahbub",
      "facebook": "https://www.facebook.com/soumyamahbub",
      "imgUrl": "https://res.cloudinary.com/ndmc/image/upload/q_60/v1698047015/Final_for_ndmc_-_Soumya_M_1_h1tfj9.jpg"
    },

    {
      "post": "President",
      "department": "Publication",
      "name": "Tasnimul Islam",
      "facebook": "https://www.facebook.com/tasnimul.islam.39395",
      "imgUrl": "https://res.cloudinary.com/ndmc/image/upload/q_60/v1698047021/IMG_20230712_203445_-_tasnimul_009_q8hpdr.jpg"
    },
    {
      "post": "Vice President",
      "department": "Publication",
      "name": "Mehedi Hasan Farhan",
      "facebook": "https://www.facebook.com/ibneAbdullah04",
      "imgUrl": "https://res.cloudinary.com/ndmc/image/upload/q_60/v1698047028/Picsart_23-07-12_19-26-55-268_2_-_Ibne_Abdullah_fd3sou.jpg"
    },
    {
      "post": "Vice President",
      "department": "Graphics",
      "name": "Md. Mushfique Hussain",
      "facebook": "https://www.facebook.com/mdmushfique.hussain",
      "imgUrl": "https://res.cloudinary.com/ndmc/image/upload/q_60/v1698047021/photo_2023-07-13_17-47-09_-_Mushfique_Hussain_iblxvv.jpg"
    },
    {
      "post": "Vice President",
      "department": "Academics",
      "name": "Fahim Muhtamim",
      "facebook": "https://www.facebook.com/fahim.math",
      "imgUrl": "https://res.cloudinary.com/ndmc/image/upload/q_60/v1698047040/DSC_0857_-_Fahim_Muhtamim_x5ijnh.jpg"
    },

    {
      "post": "Vice President",
      "department": "Academics",
      "name": "Md Mehrab Hossain",
      "facebook": "https://www.facebook.com/mehrab3226",
      "imgUrl": "https://res.cloudinary.com/ndmc/image/upload/q_60/v1698047038/DSC_0846_-_mehrab_hossain_wvh7lv.jpg"
    },
    {
      "post": "Vice President",
      "department": "Public Relation",
      "name": "Iftakharul Islam",
      "facebook": "https://www.facebook.com/iKhorul.1257",
      "imgUrl": "https://res.cloudinary.com/ndmc/image/upload/q_60/v1698047040/DSC_0888-Recovered_-_Iftakharul_Islam_s1a7n0.jpg"
    },
    {
      "post": "Vice President",
      "department": "Public Relation",
      "name": "Mong Hai Thoway Chak",
      "facebook": "https://www.facebook.com/profile.php?id=100081569208363",
      "imgUrl": "https://res.cloudinary.com/ndmc/image/upload/q_60/v1698047018/IMG-20230712-WA0000_2_-_Mong_Hai_Thoway_Chak_kqxdtk.jpg"
    },

    {
      "post": "Vice President",
      "department": "IT",
      "name": "Badruddoza Kaif",
      "facebook": "https://www.facebook.com/bokaif",
      "imgUrl": "https://res.cloudinary.com/ndmc/image/upload/q_60/v1698047034/bokaif_-_Badruddoza_Kaif_oas2bc.png"
    },
    {
      "post": "Secretary",
      "department": "Academics",
      "name": "Arnob Pal",
      "facebook": "https://www.facebook.com/arnob.pal.3956",
      "imgUrl": "https://res.cloudinary.com/ndmc/image/upload/q_60/v1698047018/IMG-20230713-WA0002_-_Arnob_Pal_woj6m3.jpg"
    },
    {
      "post": "Secretary",
      "department": "Academics",
      "name": "Walid Bin Reza",
      "facebook": "",
      "imgUrl": "https://res.cloudinary.com/ndmc/image/upload/q_60/v1698047019/IMG_20211207_141841_-_Walid_Bin_Reza_pdrgxg.jpg"
    },
    {
      "post": "Secretary",
      "department": "Academics",
      "name": "Tahmid Wasi",
      "facebook": "https://www.facebook.com/tahmid.wasi.77",
      "imgUrl": "https://res.cloudinary.com/ndmc/image/upload/q_60/v1698047025/20220426_141518_-_Mahbuba_Akter_hzgq3w.jpg"
    },

    {
      "post": "Secretary",
      "department": "Public Relation",
      "name": "A.S.M. Soyaeb Reza",
      "facebook": "https://www.facebook.com/asmsoyaeb",
      "imgUrl": "https://res.cloudinary.com/ndmc/image/upload/q_60/v1698047023/Screenshot_20230714_171056_Photos_-_A_S_M_Soyaeb_Reza_upmcjm.jpg"
    },

    {
      "post": "Secretary",
      "department": "Public Relation",
      "name": "Rezoan Haque Kabbo",
      "facebook": "https://www.facebook.com/rezoan.kabbo.7",
      "imgUrl": "https://res.cloudinary.com/ndmc/image/upload/q_60/v1698047028/0CFB4312-9ED6-4625-893E-B94EA13C6EFE_-_Trex_Gaming_s42syt.jpg"
    },

    {
      "post": "Secretary",
      "department": "Public Relation",
      "name": "Lingkon Roy",
      "facebook": "https://www.facebook.com/profile.php?id=100081269940543",
      "imgUrl": "https://res.cloudinary.com/ndmc/image/upload/q_60/v1698047022/Pic_for_NDMC_post_-_Lingkon_Roy_1_fodtao.jpg"
    },
    {
      "post": "Secretary",
      "department": "Academics",
      "name": "Raad Sharar",
      "facebook": "https://www.facebook.com/raad.sharar.7",
      "imgUrl": "https://res.cloudinary.com/ndmc/image/upload/q_60/v1698047035/Untitled25_20230714213332-01-01_-_Raad_Sharar_gquzvs.jpg"
    },

    {
      "post": "Secretary",
      "department": "Publication",
      "name": "Md Mahmudunnobi",
      "facebook": "",
      "imgUrl": "https://res.cloudinary.com/ndmc/image/upload/q_60/v1698047023/photo_2023-07-12_20-43-16_-_Mahmudun_Nobi_afscr4.jpg"
    }
  ]
}
