[
  {
    "event_title": " WEMS presents Intra Math Festival 2025 – Fall Edition",
    "event_date": " 24 Sep 2025",
    "event_cover": " ",
    "event_link": "https://www.facebook.com/events/802028985897263/"
  },
  {
    "event_title": " Intra Math Festival 2025 - Summer Edition",
    "event_date": " 7 May 2025",
    "event_cover": " ",
    "event_link": "https://www.facebook.com/events/1836353210544619/"
  },
  {
    "event_title": "Apex presents 5th NDC National Math Festival 2025 powered by NRBC Bank ",
    "event_date": "14 Feb 2025 ",
    "event_cover": " ",
    "event_link": "https://www.facebook.com/events/1102800581441746/"
  },
  {
    "event_title": "Intra Speed-Cubing Contest 3.0 ",
    "event_date": " 27 Nov 2024",
    "event_cover": " ",
    "event_link": "https://www.facebook.com/events/1733760920753990/"
  },
  {
    "event_title": "Creative Convergence 2.0 ",
    "event_date": "11 Nov 2024 ",
    "event_cover": " ",
    "event_link": "https://www.facebook.com/events/566566019357648/"
  },
  {
    "event_title": " MACES presents Intra Math Festival 2024",
    "event_date": " 30 Oct 2024",
    "event_cover": " ",
    "event_link": "https://www.facebook.com/events/944381391055004/"
  },
  {
    "event_title": "Bashundhara presents 4th NDC National Math Festival powered by Vooter Adda ",
    "event_date": " 25 Apr 2024",
    "event_cover": " ",
    "event_link": " https://www.facebook.com/events/363778242950270/"
  },
  {
    "event_title": "Intra Math Festival 2023 - Winter Edition ",
    "event_date": " 22 Nov 2023",
    "event_cover": " ",
    "event_link": " https://www.facebook.com/events/3605190079808804/"
  },
  {
    "event_title": " Creative Convergence 1.0",
    "event_date": "29 Oct 2023 ",
    "event_cover": " ",
    "event_link": "https://www.facebook.com/events/202874872836903/ "
  },
  {
    "event_title": "Intra Speed-Cubing Contest 2.0 ",
    "event_date": " 16 Oct 2023",
    "event_cover": " ",
    "event_link": " https://www.facebook.com/events/253271790611389/"
  },
  {
    "event_title": "Aqua Paints presents Intra Math Festival 2023 ",
    "event_date": "10 May 2023 ",
    "event_cover": "",
    "event_link": "https://www.facebook.com/events/507018114676946/ "
  }
]