[
 
  {
    "event_title": " WEMS presents Intra Math Festival 2025 – Fall Edition",
    "event_date": " 24 Sep 2025",
    "event_cover": "https://res.cloudinary.com/dgw46nmoh/image/upload/v1760972450/549806179_1234591815379989_8562812054699991181_n_ueabae.jpg",
    "event_link": "https://www.facebook.com/events/802028985897263/"
  },
  {
    "event_title": " Academic Master Season 1",
    "event_date": " 27 August 2025",
    "event_cover": "https://res.cloudinary.com/dgw46nmoh/image/upload/v1760039905/555583035_694675416985917_5439013068335437998_n_lot1m0.jpg",
    "event_link": "https://www.facebook.com/share/p/1LpJeBB9p6/"
  },
  {
    "event_title": " Intra Math Festival 2025 - Summer Edition",
    "event_date": " 7 May 2025",
    "event_cover": "https://res.cloudinary.com/dgw46nmoh/image/upload/v1760972445/495199009_1124716003034238_5854229912162620359_n_efs31u.jpg",
    "event_link": "https://www.facebook.com/events/1836353210544619/"
  },
  {
    "event_title": "Apex presents 5th NDC National Math Festival 2025 powered by NRBC Bank ",
    "event_date": "14 Feb 2025 ",
    "event_cover": "https://res.cloudinary.com/dgw46nmoh/image/upload/v1760972447/487297273_1092859749553197_9145787711191439647_n_e2vyvc.jpg",
    "event_link": "https://www.facebook.com/events/1102800581441746/"
  },
  {
    "event_title": "Intra Speed-Cubing Contest 3.0 ",
    "event_date": " 27 Nov 2024",
    "event_cover": "https://res.cloudinary.com/dgw46nmoh/image/upload/v1760972444/486611772_1091324099706762_8491071459810092497_n_qnyvia.jpg",
    "event_link": "https://www.facebook.com/events/1733760920753990/"
  },
  {
    "event_title": "Creative Convergence 2.0 ",
    "event_date": "11 Nov 2024 ",
    "event_cover": "https://res.cloudinary.com/dgw46nmoh/image/upload/v1760972440/486560030_1090990013073504_1774353537109451637_n_sreogy.jpg",
    "event_link": "https://www.facebook.com/events/566566019357648/"
  },
  {
    "event_title": " MACES presents Intra Math Festival 2024",
    "event_date": " 30 Oct 2024",
    "event_cover": "https://res.cloudinary.com/dgw46nmoh/image/upload/v1760972441/486575179_1090649386440900_2420486950021131274_n_brl1xo.jpg",
    "event_link": "https://www.facebook.com/events/944381391055004/"
  },
  {
    "event_title": "Bashundhara presents 4th NDC National Math Festival powered by Vooter Adda ",
    "event_date": " 25 Apr 2024",
    "event_cover": "https://res.cloudinary.com/dgw46nmoh/image/upload/v1760972445/485020113_1084380737067765_5886082172116610481_n_rudvaz.jpg",
    "event_link": " https://www.facebook.com/events/363778242950270/"
  },
  {
    "event_title": "Intra Math Festival 2023 - Winter Edition ",
    "event_date": " 22 Nov 2023",
    "event_cover": "https://res.cloudinary.com/dgw46nmoh/image/upload/v1760972444/484744149_1082611547244684_7926631994954158740_n_pta73d.jpg",
    "event_link": " https://www.facebook.com/events/3605190079808804/"
  },
  {
    "event_title": " Creative Convergence 1.0",
    "event_date": "29 Oct 2023 ",
    "event_cover": "https://res.cloudinary.com/dgw46nmoh/image/upload/v1760972441/484209275_1081968920642280_6051974840334320251_n_rjbqk9.jpg",
    "event_link": "https://www.facebook.com/events/202874872836903/ "
  },
  {
    "event_title": "Intra Speed-Cubing Contest 2.0 ",
    "event_date": " 16 Oct 2023",
    "event_cover": "https://res.cloudinary.com/dgw46nmoh/image/upload/v1760972440/484099235_1081461347359704_2193568782233199626_n_f1nqqj.jpg",
    "event_link": " https://www.facebook.com/events/253271790611389/"
  }
]



