{
  "NMF": [
    "https://res.cloudinary.com/dgw46nmoh/image/upload/v1760032763/490019950_1101784211994084_6171121397021401532_n_fcekmj.jpg",
    "https://res.cloudinary.com/dgw46nmoh/image/upload/v1760032764/489580928_1101788775326961_5790639975925810734_n_n0zhb1.jpg",
    "https://res.cloudinary.com/dgw46nmoh/image/upload/v1760032754/485740595_1087048490134323_2871517673443309952_n_rdxlcs.jpg",
    "https://res.cloudinary.com/dgw46nmoh/image/upload/v1760032741/488924418_1101776475328191_5182598318737738338_n_ix2bht.jpg",
    "https://res.cloudinary.com/dgw46nmoh/image/upload/v1760032741/488722279_1101802498658922_2146128446047497957_n_ekocvo.jpg",
    "https://res.cloudinary.com/dgw46nmoh/image/upload/v1760032752/485779415_1087046346801204_9004132931544505942_n_ehoqjo.jpg",
    "https://res.cloudinary.com/dgw46nmoh/image/upload/v1760032741/489287051_1101782245327614_3109080135910870281_n_kdis8a.jpg",
    "https://res.cloudinary.com/dh4j8hdty/image/upload/v1763052922/1_bmddou.jpg",
    "https://res.cloudinary.com/dh4j8hdty/image/upload/v1763052920/2_dey3ft.jpg",
    "https://res.cloudinary.com/dh4j8hdty/image/upload/v1763052921/3_i987xu.jpg",
    "https://res.cloudinary.com/dh4j8hdty/image/upload/v1763052928/4_h8mqnb.jpg",
    "https://res.cloudinary.com/dh4j8hdty/image/upload/v1763052926/5_fjiuly.jpg",
    "https://res.cloudinary.com/dh4j8hdty/image/upload/v1763052927/6_hb0xdi.jpg",
    "https://res.cloudinary.com/dh4j8hdty/image/upload/v1763052927/7_e2fesx.jpg",
    "https://res.cloudinary.com/dh4j8hdty/image/upload/v1763052928/8_mgf1l1.jpg",
    "https://res.cloudinary.com/dh4j8hdty/image/upload/v1763052934/9_tuwoxn.jpg",
    "https://res.cloudinary.com/dh4j8hdty/image/upload/v1763052934/10_brdl7b.jpg",
    "https://res.cloudinary.com/dh4j8hdty/image/upload/v1763052935/11_nfanfw.jpg",
    "https://res.cloudinary.com/dh4j8hdty/image/upload/v1763052935/12_eekrd8.jpg",
    "https://res.cloudinary.com/dh4j8hdty/image/upload/v1763052936/13_zdn6k1.jpg",
    "https://res.cloudinary.com/dh4j8hdty/image/upload/v1763052936/14_vm143n.jpg",
    "https://res.cloudinary.com/dh4j8hdty/image/upload/v1763052937/15_h5kmsk.jpg",
    "https://res.cloudinary.com/dh4j8hdty/image/upload/v1763052937/16_ntcrz8.jpg",
    "https://res.cloudinary.com/dh4j8hdty/image/upload/v1763052938/17_zoeogy.jpg",
    "https://res.cloudinary.com/dh4j8hdty/image/upload/v1763052938/18_rmwmna.jpg",
    "https://res.cloudinary.com/dh4j8hdty/image/upload/v1763056549/485860168_1087051883467317_2825804386654195224_n_ondssx.jpg",
    "https://res.cloudinary.com/dh4j8hdty/image/upload/v1763056558/485612265_1087052106800628_7439498308001070049_n_adirz3.jpg",
    "https://res.cloudinary.com/dh4j8hdty/image/upload/v1763056571/485306319_1087051850133987_5580105458635264488_n_bfjxgc.jpg",
    "https://res.cloudinary.com/dh4j8hdty/image/upload/v1763056580/485936027_1087052200133952_4165298315671853385_n_hw0ie2.jpg",
    "https://res.cloudinary.com/dh4j8hdty/image/upload/v1763056591/485660208_1087048116801027_1722144593979252130_n_ke9wxq.jpg",
    "https://res.cloudinary.com/dh4j8hdty/image/upload/v1763056750/481179649_1065533272285845_3393489923730013409_n_nhvtab.jpg"
  ],
  "Intra Math Festival": [
    "https://res.cloudinary.com/dh4j8hdty/image/upload/v1763052963/19_pndgih.jpg",
    "https://res.cloudinary.com/dh4j8hdty/image/upload/v1763052964/20_wjj3yw.jpg",
    "https://res.cloudinary.com/dh4j8hdty/image/upload/v1763052964/21_adl0rx.jpg",
    "https://res.cloudinary.com/dh4j8hdty/image/upload/v1763052965/22_icixpv.jpg",
    "https://res.cloudinary.com/dh4j8hdty/image/upload/v1763052965/23_y6b0cb.jpg",
    "https://res.cloudinary.com/dh4j8hdty/image/upload/v1763052901/30_to6yrm.jpg",
    "https://res.cloudinary.com/dh4j8hdty/image/upload/v1763052901/31_m9kxc0.jpg",
    "https://res.cloudinary.com/dh4j8hdty/image/upload/v1763052901/32_ault7o.jpg",
    "https://res.cloudinary.com/dh4j8hdty/image/upload/v1763052919/36_jcbim9.jpg",
    "https://res.cloudinary.com/dh4j8hdty/image/upload/v1763052919/37_jqddm0.jpg",
    "https://res.cloudinary.com/dh4j8hdty/image/upload/v1763052920/38_s2gfve.jpg",
    "https://res.cloudinary.com/dh4j8hdty/image/upload/v1763057491/575099842_1278529347652902_7342884848484220166_n_shkvlf.jpg",
    "https://res.cloudinary.com/dh4j8hdty/image/upload/v1763057734/DSC_1484_b8u4ck.jpg",
    "https://res.cloudinary.com/dh4j8hdty/image/upload/v1763056603/484241082_1083187197187119_3883892976671207093_n_ro7nwk.jpg",
    "https://res.cloudinary.com/dh4j8hdty/image/upload/v1763056623/481259054_1070305858475253_7677510839441661882_n_hmlhcn.jpg"
  ],
  "Intra Speedcubing Competition": [
    "https://res.cloudinary.com/dh4j8hdty/image/upload/v1763056469/486823287_1091553689683803_7219732615577019599_n_ot1rzd.jpg",
    "https://res.cloudinary.com/dh4j8hdty/image/upload/v1763056479/487226070_1091553736350465_1684308892545579116_n_vvwsv7.jpg",
    "https://res.cloudinary.com/dh4j8hdty/image/upload/v1763056487/486670044_1091553643017141_8330186296978649863_n_i6zxuk.jpg",
    "https://res.cloudinary.com/dh4j8hdty/image/upload/v1763056500/487136803_1091553923017113_4486055786238166235_n_omxcg6.jpg"
  ],
  "Academic Master": [
    "https://res.cloudinary.com/dgw46nmoh/image/upload/v1760031145/538983223_1215608957278275_8728959668887066471_n_eqgopa.jpg",
    "https://res.cloudinary.com/dgw46nmoh/image/upload/v1760030772/Photograph_for_Club_Report_n2hp8k.png",
    "https://res.cloudinary.com/dgw46nmoh/image/upload/v1760031144/538910889_1215590897280081_2008548109061585704_n_giexub.jpg",
    "https://res.cloudinary.com/dh4j8hdty/image/upload/v1763052975/26_vjflbu.jpg",
    "https://res.cloudinary.com/dh4j8hdty/image/upload/v1763052975/27_cwaza5.jpg",
    "https://res.cloudinary.com/dh4j8hdty/image/upload/v1763052975/28_o4x6ec.jpg"
  ],
  "Graphing Greatness": [
    "https://res.cloudinary.com/dh4j8hdty/image/upload/v1763052901/29_ybbldn.jpg",
    "https://res.cloudinary.com/dh4j8hdty/image/upload/v1763052901/34_pgtnh8.jpg",
    "https://res.cloudinary.com/dh4j8hdty/image/upload/v1763052902/35_mspwgg.jpg"
  ],
  "The Plane": [
    "https://res.cloudinary.com/dh4j8hdty/image/upload/v1763052902/33_svekjo.jpg",
    "https://res.cloudinary.com/dh4j8hdty/image/upload/v1763056114/565172906_1262412822597888_4241709741543842312_n_yylkhj.jpg",
    "https://res.cloudinary.com/dh4j8hdty/image/upload/v1763056340/487758859_1092637752908730_3120491438307066448_n_oml5ua.jpg",
    "https://res.cloudinary.com/dh4j8hdty/image/upload/v1763056393/486985050_1092637349575437_4855940476372056037_n_smipou.jpg",
    "https://res.cloudinary.com/dh4j8hdty/image/upload/v1763056436/486828246_1092637732908732_2409180440378997661_n_kufbe8.jpg",
    "https://res.cloudinary.com/dh4j8hdty/image/upload/v1763056539/485364429_1087052133467292_2264564649035568026_n_ryjuiz.jpg"
  ],
  "Freshers' Reception": [
    "https://res.cloudinary.com/dgw46nmoh/image/upload/v1760032759/486559862_1092637796242059_6088691656948785945_n_uz0afs.jpg",
    "https://res.cloudinary.com/dgw46nmoh/image/upload/v1760032762/487077421_1092637789575393_8699794177340985584_n_fchbae.jpg",
    "https://res.cloudinary.com/dgw46nmoh/image/upload/v1760032750/485696096_1086630053509500_2538062521318239706_n_xzjhzf.jpg",
    "https://res.cloudinary.com/dgw46nmoh/image/upload/v1760031144/481287273_9134775076620132_8313505883936893316_n_okmtnj.jpg",
    "https://res.cloudinary.com/dgw46nmoh/image/upload/v1760032749/485727445_1086630523509453_4039314234838661109_n_exflk8.jpg"
  ],
  "Weekly Sessions & Workshops": [
    "https://res.cloudinary.com/dgw46nmoh/image/upload/v1760032756/486605038_1090658003106705_4664947065847043500_n_c04s7n.jpg",
    "https://res.cloudinary.com/dgw46nmoh/image/upload/v1760030598/518310959_1176333504539154_3721041774819875444_n_va79rd.jpg",
    "https://res.cloudinary.com/dgw46nmoh/image/upload/v1760030714/DSC_9661_1_bae6nj.jpg",
    "https://res.cloudinary.com/dgw46nmoh/image/upload/v1760030207/DSC_9203_1_mdvxma.jpg",
    "https://res.cloudinary.com/dgw46nmoh/image/upload/v1760031277/DSC_0169_1_e1xwfl.jpg",
    "https://res.cloudinary.com/dh4j8hdty/image/upload/v1763052975/24_py4iaf.jpg",
    "https://res.cloudinary.com/dh4j8hdty/image/upload/v1763052975/25_gxygtv.jpg",
    "https://res.cloudinary.com/dh4j8hdty/image/upload/v1763052981/39_lfd4xn.jpg",
    "https://res.cloudinary.com/dh4j8hdty/image/upload/v1763056511/487012837_1090056143166891_7330716985206524484_n_ohghas.jpg",
    "https://res.cloudinary.com/dh4j8hdty/image/upload/v1763057391/581499107_1284931500346020_8936147852511715395_n_qnzv17.jpg"
  ],
  "The Architects": [
    "https://res.cloudinary.com/dh4j8hdty/image/upload/v1763057173/510484549_9917103671720598_6934491047527390236_n_spm1fg.jpg",
    "https://res.cloudinary.com/dgw46nmoh/image/upload/v1760032742/511309550_9919679004796398_1579218822874427719_n_ghknkx.jpg",
    "https://res.cloudinary.com/dgw46nmoh/image/upload/v1760032742/511004391_9918437398253892_520165722965391811_n_gzsijn.jpg",
    "https://res.cloudinary.com/dh4j8hdty/image/upload/v1763056773/476834448_9015980128499628_6434901127353080277_n_g8cjre.jpg",
    "https://res.cloudinary.com/dh4j8hdty/image/upload/v1763057155/510988209_9917901334974165_3435614492732869441_n_tjssta.jpg",
    "https://res.cloudinary.com/dgw46nmoh/image/upload/v1760032746/480766628_1065532935619212_6698926589842542210_n_i0yk5y.jpg",
    "https://res.cloudinary.com/dgw46nmoh/image/upload/v1760031438/DSC_0562_1_mfdbpx.jpg",
    "https://res.cloudinary.com/dgw46nmoh/image/upload/v1760032743/150970945_3655197077911320_1952354760008332516_n_t2h8lw.jpg",
    "https://res.cloudinary.com/dh4j8hdty/image/upload/v1763052923/40_cgrxkc.jpg",
    "https://res.cloudinary.com/dh4j8hdty/image/upload/v1763056614/483508412_1077653424407163_5611661203713692442_n_vdhf0x.jpg",
    "https://res.cloudinary.com/dh4j8hdty/image/upload/v1763056736/480855974_1065536575618848_7259534309717626349_n_veugzr.jpg"
  ]
}