[
    {
      "section": "5th National Math Festival",
      "questions": [
        {
          "id": 1,
          "title": "Calculus Mania - Higher Secondary",
          "pdfUrl": "https://ndmcbd.org/pdfs/Questions/NMF/5th/Copy of Calculus_Mania__print_copy.pdf",
          "thumbnail": "https://res.cloudinary.com/dh4j8hdty/image/upload/v1762874617/0_bu7mjg.jpg"
        },
        {
          "id": 2,
          "title": "Combiconundrum - Higher Secondary",
          "pdfUrl": "https://ndmcbd.org/pdfs/Questions/NMF/5th/Copy of Combiconundrum_Higher_Secondary_Print_Copy.pdf",
          "thumbnail": "https://res.cloudinary.com/dh4j8hdty/image/upload/v1762874648/0_ykfymg.jpg"
        },
        {
          "id": 3,
          "title": "Combiconundrum - Secondary",
          "pdfUrl": "https://ndmcbd.org/pdfs/Questions/NMF/5th/Copy of Combiconundrum_Secondary_Print_Copy.pdf",
          "thumbnail": "https://res.cloudinary.com/dh4j8hdty/image/upload/v1762874694/0_zvtqgr.jpg"
        },
        {
          "id": 4,
          "title": "Combiconundrum - Junior",
          "pdfUrl": "https://ndmcbd.org/pdfs/Questions/NMF/5th/Copy of Combiconundrum_Junior_Print_Copy.pdf",
          "thumbnail": "https://res.cloudinary.com/dh4j8hdty/image/upload/v1762874657/0_t60ijz.jpg"
        },
        {
          "id": 5,
          "title": "Crack The Code - Higher Secondary",
          "pdfUrl": "https://ndmcbd.org/pdfs/Questions/NMF/5th/Copy of Crack_The_Code_Higher_Secondary_PrintCopy.pdf",
          "thumbnail": "https://res.cloudinary.com/dh4j8hdty/image/upload/v1762874715/0_ks99pg.jpg"
        },
        {
          "id": 6,
          "title": "Crack The Code - Secondary",
          "pdfUrl": "https://ndmcbd.org/pdfs/Questions/NMF/5th/Copy of Crack_The_Code_Secondary_PrintCopy.pdf",
          "thumbnail": "https://res.cloudinary.com/dh4j8hdty/image/upload/v1762874720/0_ovioxq.jpg"
        },
        {
          "id": 7,
          "title": "Crack The Code - Junior",
          "pdfUrl": "https://ndmcbd.org/pdfs/Questions/NMF/5th/Copy of Crack_The_Code__Junior_PrintCopy.pdf",
          "thumbnail": "https://res.cloudinary.com/dh4j8hdty/image/upload/v1762874676/0_rr6jl2.jpg"
        },
        {
          "id": 8,
          "title": "Crack The Code - Primary",
          "pdfUrl": "https://ndmcbd.org/pdfs/Questions/NMF/5th/Copy of Crack_The_Code__Primary_PrintCopy.pdf",
          "thumbnail": "https://res.cloudinary.com/dh4j8hdty/image/upload/v1762874711/0_akxqc0.jpg"
        },
        {
          "id": 9,
          "title": "Crosswords - Junior",
          "pdfUrl": "https://ndmcbd.org/pdfs/Questions/NMF/5th/Copy of crosswordsjunior.pdf",
          "thumbnail": "https://res.cloudinary.com/dh4j8hdty/image/upload/v1762874726/0_sh2imu.jpg"
        },
        {
          "id": 10,
          "title": "Crosswords - Primary",
          "pdfUrl": "https://ndmcbd.org/pdfs/Questions/NMF/5th/Copy of crosswordsprimary.pdf",
          "thumbnail": "https://res.cloudinary.com/dh4j8hdty/image/upload/v1762874746/0_c63q7h.jpg"
        },
        {
          "id": 11,
          "title": "Geometric Framework - Junior",
          "pdfUrl": "https://ndmcbd.org/pdfs/Questions/NMF/5th/Copy of Geometric_Framework__Junior__Print_Copy_.pdf",
          "thumbnail": "https://res.cloudinary.com/dh4j8hdty/image/upload/v1762874750/0_aabgeu.jpg"
        },
        {
          "id": 12,
          "title": "Geometric Framework - Primary",
          "pdfUrl": "https://ndmcbd.org/pdfs/Questions/NMF/5th/Copy of Geometric_Framework__Primary__Print_Copy_.pdf",
          "thumbnail": "https://res.cloudinary.com/dh4j8hdty/image/upload/v1762874917/0_icxcjw.jpg"
        },
        {
          "id": 13,
          "title": "Graph Craft - Higher Secondary",
          "pdfUrl": "https://ndmcbd.org/pdfs/Questions/NMF/5th/Copy of Graph_Craft__Higher_Secondary__Print_Copy_.pdf",
          "thumbnail": "https://res.cloudinary.com/dh4j8hdty/image/upload/v1762874758/0_hnmg3w.jpg"
        },
        {
          "id": 14,
          "title": "Graph Craft - Secondary",
          "pdfUrl": "https://ndmcbd.org/pdfs/Questions/NMF/5th/Copy of Graph_Craft__Secondary__Print_Copy_.pdf",
          "thumbnail": "https://res.cloudinary.com/dh4j8hdty/image/upload/v1762874956/0_mot2m3.jpg"
        },
        {
          "id": 15,
          "title": "Integration Bee (Preli) - Higher Secondary",
          "pdfUrl": "https://ndmcbd.org/pdfs/Questions/NMF/5th/Copy of Integration_Bee_Preliminary_Print_copy.pdf",
          "thumbnail": "https://res.cloudinary.com/dh4j8hdty/image/upload/v1762874772/0_k9oyfj.jpg"
        },
        {
          "id": 16,
          "title": "IQ Olympiad - Higher Secondary",
          "pdfUrl": "https://ndmcbd.org/pdfs/Questions/NMF/5th/Copy of IQ_Olympiad_Higher_Secondary_Print_copy.pdf",
          "thumbnail": "https://res.cloudinary.com/dh4j8hdty/image/upload/v1762874777/0_uajn1q.jpg"
        },
        {
          "id": 17,
          "title": "IQ Olympiad - Secondary",
          "pdfUrl": "https://ndmcbd.org/pdfs/Questions/NMF/5th/Copy of IQ_Olympiad_Secondary_Print_copy.pdf",
          "thumbnail": "https://res.cloudinary.com/dh4j8hdty/image/upload/v1762874995/0_gkrokh.jpg"
        },
        {
          "id": 18,
          "title": "IQ Olympiad - Junior",
          "pdfUrl": "https://ndmcbd.org/pdfs/Questions/NMF/5th/Copy of IQ_Olympiad_junior_Print_copy.pdf",
          "thumbnail": "https://res.cloudinary.com/dh4j8hdty/image/upload/v1762874783/0_xdr0y5.jpg"
        },
        {
          "id": 19,
          "title": "IQ Olympiad - Primary",
          "pdfUrl": "https://ndmcbd.org/pdfs/Questions/NMF/5th/Copy of IQ_Olympiad_Primary_Print_copy.pdf",
          "thumbnail": "https://res.cloudinary.com/dh4j8hdty/image/upload/v1762874788/0_jtbazx.jpg"
        },
        {
          "id": 20,
          "title": "Math in Motion - Higher Secondary",
          "pdfUrl": "https://ndmcbd.org/pdfs/Questions/NMF/5th/Copy of Math_in_Motion__Higher_Secondary___Print_Copy_.pdf",
          "thumbnail": "https://res.cloudinary.com/dh4j8hdty/image/upload/v1762874797/0_bnrrq0.jpg"
        },
        {
          "id": 21,
          "title": "Math in Motion - Secondary",
          "pdfUrl": "https://ndmcbd.org/pdfs/Questions/NMF/5th/Copy of Math_in_Motion__Secondary___Print_Copy.pdf",
          "thumbnail": "https://res.cloudinary.com/dh4j8hdty/image/upload/v1762875011/0_boi1ib.jpg"
        },
        {
          "id": 22,
          "title": "Math Olympiad (Find) - Higher Secondary",
          "pdfUrl": "https://ndmcbd.org/pdfs/Questions/NMF/5th/Copy of Math_Olympiad_Find__Higher_Secondary_Print_Copy.pdf",
          "thumbnail": "https://res.cloudinary.com/dh4j8hdty/image/upload/v1762875028/0_g1wy2r.jpg"
        },
        {
          "id": 23,
          "title": "Math Olympiad (Find) - Secondary",
          "pdfUrl": "https://ndmcbd.org/pdfs/Questions/NMF/5th/Copy of Math_Olympiad_Find__Secondary_Print_Copy.pdf",
          "thumbnail": "https://res.cloudinary.com/dh4j8hdty/image/upload/v1762874824/0_bezuek.jpg"
        },
        {
          "id": 24,
          "title": "Math Olympiad (Find) - Junior",
          "pdfUrl": "https://ndmcbd.org/pdfs/Questions/NMF/5th/Copy of Math_Olympiad_Find__Junior_Print_Copy.pdf",
          "thumbnail": "https://res.cloudinary.com/dh4j8hdty/image/upload/v1762875034/0_xvgnsn.jpg"
        },
        {
          "id": 25,
          "title": "Math Olympiad (Find) - Primary",
          "pdfUrl": "https://ndmcbd.org/pdfs/Questions/NMF/5th/Copy of Math_Olympiad_Find__Primary_Print_Copy.pdf",
          "thumbnail": "https://res.cloudinary.com/dh4j8hdty/image/upload/v1762874816/0_wchmai.jpg"
        },
        {
          "id": 26,
          "title": "Math Olympiad (Proof) - Higher Secondary",
          "pdfUrl": "https://ndmcbd.org/pdfs/Questions/NMF/5th/Copy of MO_Proof__Higher_Secondary__Print_Copy_.pdf",
          "thumbnail": "https://res.cloudinary.com/dh4j8hdty/image/upload/v1762874828/0_gscig4.jpg"
        },
        {
          "id": 27,
          "title": "Math Olympiad (Proof) - Secondary",
          "pdfUrl": "https://ndmcbd.org/pdfs/Questions/NMF/5th/Copy of MO_Proof__Secondary__Print_Copy_.pdf",
          "thumbnail": "https://res.cloudinary.com/dh4j8hdty/image/upload/v1762875069/0_ahgmco.jpg"
        },
        {
          "id": 28,
          "title": "Math Olympiad (Proof) - Junior",
          "pdfUrl": "https://ndmcbd.org/pdfs/Questions/NMF/5th/Copy of MO_Proof__Junior__Print_Copy_.pdf",
          "thumbnail": "https://res.cloudinary.com/dh4j8hdty/image/upload/v1762875059/0_perghc.jpg"
        },
        {
          "id": 29,
          "title": "Math Olympiad (Proof) - Primary",
          "pdfUrl": "https://ndmcbd.org/pdfs/Questions/NMF/5th/Copy of MO_Proof__Primary__Print_Copy_.pdf",
          "thumbnail": "https://res.cloudinary.com/dh4j8hdty/image/upload/v1762874837/0_kehy8c.jpg"
        },
        {
          "id": 30,
          "title": "Sudoku",
          "pdfUrl": "https://ndmcbd.org/pdfs/Questions/NMF/5th/Copy of sudoku.pdf",
          "thumbnail": "https://res.cloudinary.com/dh4j8hdty/image/upload/v1762874847/0_bvy9hv.jpg"
        },
        {
          "id": 31,
          "title": "Human Calculator",
          "pdfUrl": "https://ndmcbd.org/pdfs/Questions/NMF/5th/Copy of Human-Calculator.pdf",
          "thumbnail": "https://res.cloudinary.com/dh4j8hdty/image/upload/v1762874977/0_x79pmw.jpg"
        }
      ]
    },
    {
      "section": "4th National Math Festival",
      "questions": [
        {
          "id": 32,
          "title": "Calculus Mania - Higher Secondary",
          "pdfUrl": "https://ndmcbd.org/pdfs/Questions/NMF/4th/Copy of Calculus_Mania.pdf",
          "thumbnail": "https://res.cloudinary.com/dqvx1e1g6/image/upload/v1762949685/Copy_of_Calculus_Mania-1_zjhud2.jpg"
        },
        {
          "id": 33,
          "title": "CombiConundrum - Higher Secondary",
          "pdfUrl": "https://ndmcbd.org/pdfs/Questions/NMF/4th/Copy of CombiConundrum_Higher-Secondary.pdf",
          "thumbnail": "https://res.cloudinary.com/dqvx1e1g6/image/upload/v1762949682/Copy_of_CombiConundrum_Higher-Secondary-1_raljt7.jpg"
        },
        {
          "id": 34,
          "title": "CombiConundrum - Secondary",
          "pdfUrl": "https://ndmcbd.org/pdfs/Questions/NMF/4th/Copy of CombiConundrum_Secondary.pdf",
          "thumbnail": "https://res.cloudinary.com/dqvx1e1g6/image/upload/v1762949682/Copy_of_CombiConundrum_Secondary-1_asrjlc.jpg"
        },
        {
          "id": 35,
          "title": "CombiConundrum - Junior",
          "pdfUrl": "https://ndmcbd.org/pdfs/Questions/NMF/4th/Copy of CombiConundrum_Junior.pdf",
          "thumbnail": "https://res.cloudinary.com/dqvx1e1g6/image/upload/v1762949682/Copy_of_CombiConundrum_Junior-1_smtbvn.jpg"
        },
        {
          "id": 36,
          "title": "Crack the Code - Higher Secondary",
          "pdfUrl": "https://ndmcbd.org/pdfs/Questions/NMF/4th/Copy of Crack_the_Code_Higher-Secondary.pdf",
          "thumbnail": "https://res.cloudinary.com/dqvx1e1g6/image/upload/v1762949682/Copy_of_Crack_the_Code_Higher-Secondary-1_c6zc7u.jpg"
        },
        {
          "id": 37,
          "title": "Crack the Code - Secondary",
          "pdfUrl": "https://ndmcbd.org/pdfs/Questions/NMF/4th/Copy of Crack_the_Code_Secondary.pdf",
          "thumbnail": "https://res.cloudinary.com/dqvx1e1g6/image/upload/v1762949681/Copy_of_Crack_the_Code_Secondary-1_xsgdsr.jpg"
        },
        {
          "id": 38,
          "title": "Crack the Code - Junior",
          "pdfUrl": "https://ndmcbd.org/pdfs/Questions/NMF/4th/Copy of Crack_the_Code_Junior.pdf",
          "thumbnail": "https://res.cloudinary.com/dqvx1e1g6/image/upload/v1762949682/Copy_of_Crack_the_Code_Junior-1_gklvxz.jpg"
        },
        {
          "id": 39,
          "title": "Crack the Code - Primary",
          "pdfUrl": "https://ndmcbd.org/pdfs/Questions/NMF/4th/Copy of Crack_the_Code_Primary.pdf",
          "thumbnail": "https://res.cloudinary.com/dqvx1e1g6/image/upload/v1762949681/Copy_of_Crack_the_Code_Primary-1_rbdnrm.jpg"
        },
        {
          "id": 40,
          "title": "Geometric Construction - Higher Secondary",
          "pdfUrl": "https://ndmcbd.org/pdfs/Questions/NMF/4th/Copy of Geometric_Construction_Higher-Secondary.pdf",
          "thumbnail": "https://res.cloudinary.com/dqvx1e1g6/image/upload/v1762949681/Copy_of_Geometric_Construction_Higher-Secondary-1_jnbxft.jpg"
        },
        {
          "id": 41,
          "title": "Geometric Construction - Secondary",
          "pdfUrl": "https://ndmcbd.org/pdfs/Questions/NMF/4th/Copy of Geometric_Construction_Secondary.pdf",
          "thumbnail": "https://res.cloudinary.com/dqvx1e1g6/image/upload/v1762949681/Copy_of_Geometric_Construction_Secondary-1_rxqz1d.jpg"
        },
        {
          "id": 42,
          "title": "Geometric Construction - Junior",
          "pdfUrl": "https://ndmcbd.org/pdfs/Questions/NMF/4th/Copy of Geometric_Construction_Junior.pdf",
          "thumbnail": "https://res.cloudinary.com/dqvx1e1g6/image/upload/v1762949681/Copy_of_Geometric_Construction_Junior-1_u91epo.jpg"
        },
        {
          "id": 43,
          "title": "IQ Olympiad - Higher Secondary",
          "pdfUrl": "https://ndmcbd.org/pdfs/Questions/NMF/4th/Copy of IQ_Olympiad_Higher-Secondary.pdf",
          "thumbnail": "https://res.cloudinary.com/dqvx1e1g6/image/upload/v1762949680/Copy_of_IQ_Olympiad_Higher-Secondary-1_cljd6a.jpg"
        },
        {
          "id": 44,
          "title": "IQ Olympiad - Secondary",
          "pdfUrl": "https://ndmcbd.org/pdfs/Questions/NMF/4th/Copy of IQ_Olympiad_Secondary.pdf",
          "thumbnail": "https://res.cloudinary.com/dqvx1e1g6/image/upload/v1762949653/Copy_of_IQ_Olympiad_Secondary-1_owi2rw.jpg"
        },
        {
          "id": 45,
          "title": "IQ Olympiad - Junior",
          "pdfUrl": "https://ndmcbd.org/pdfs/Questions/NMF/4th/Copy of IQ_Olympiad_Junior.pdf",
          "thumbnail": "https://res.cloudinary.com/dqvx1e1g6/image/upload/v1762949654/Copy_of_IQ_Olympiad_Junior-1_ps9fde.jpg"
        },
        {
          "id": 46,
          "title": "IQ Olympiad - Primary",
          "pdfUrl": "https://ndmcbd.org/pdfs/Questions/NMF/4th/Copy of IQ_Olympiad_Primary.pdf",
          "thumbnail": "https://res.cloudinary.com/dqvx1e1g6/image/upload/v1762949653/Copy_of_IQ_Olympiad_Primary-1_d2yiqw.jpg"
        },
        {
          "id": 47,
          "title": "Math History Quiz - Higher Secondary",
          "pdfUrl": "https://ndmcbd.org/pdfs/Questions/NMF/4th/Copy of Math_History_Quiz_Higher-Secondary.pdf",
          "thumbnail": "https://res.cloudinary.com/dqvx1e1g6/image/upload/v1762949653/Copy_of_Math_History_Quiz_Higher-Secondary-1_fqej9o.jpg"
        },
        {
          "id": 48,
          "title": "Math History Quiz - Secondary",
          "pdfUrl": "https://ndmcbd.org/pdfs/Questions/NMF/4th/Copy of Math_History_Quiz_Secondary.pdf",
          "thumbnail": "https://res.cloudinary.com/dqvx1e1g6/image/upload/v1762949653/Copy_of_Math_History_Quiz_Secondary-1_l4pw8v.jpg"
        },
        {
          "id": 49,
          "title": "Math in Motion - Higher Secondary",
          "pdfUrl": "https://ndmcbd.org/pdfs/Questions/NMF/4th/Copy of Math_in_Motion_Higher-Secondary.pdf",
          "thumbnail": "https://res.cloudinary.com/dqvx1e1g6/image/upload/v1762949650/Copy_of_Math_in_Motion_Higher-Secondary-1_df2bdm.jpg"
        },
        {
          "id": 50,
          "title": "Math in Motion - Secondary",
          "pdfUrl": "https://ndmcbd.org/pdfs/Questions/NMF/4th/Copy of Math_in_Motion_Secondary.pdf",
          "thumbnail": "https://res.cloudinary.com/dqvx1e1g6/image/upload/v1762949650/Copy_of_Math_in_Motion_Secondary-1_aduajr.jpg"
        },
        {
          "id": 51,
          "title": "Math Olympiad(Find) - Higher Secondary",
          "pdfUrl": "https://ndmcbd.org/pdfs/Questions/NMF/4th/Copy of Math_Olympiad_Find_Higher-Secondary.pdf",
          "thumbnail": "https://res.cloudinary.com/dqvx1e1g6/image/upload/v1762949653/Copy_of_Math_Olympiad_Find_Higher-Secondary-1_zdoavn.jpg"
        },
        {
          "id": 52,
          "title": "Math Olympiad(Find) - Secondary",
          "pdfUrl": "https://ndmcbd.org/pdfs/Questions/NMF/4th/Copy of Math_Olympiad_Find_Secondary.pdf",
          "thumbnail": "https://res.cloudinary.com/dqvx1e1g6/image/upload/v1762949652/Copy_of_Math_Olympiad_Find_Secondary-1_zuqqkl.jpg"
        },
        {
          "id": 53,
          "title": "Math Olympiad(Find) - Junior",
          "pdfUrl": "https://ndmcbd.org/pdfs/Questions/NMF/4th/Copy of Math_Olympiad_Find_Junior.pdf",
          "thumbnail": "https://res.cloudinary.com/dqvx1e1g6/image/upload/v1762949652/Copy_of_Math_Olympiad_Find_Junior-1_ymhl9s.jpg"
        },
        {
          "id": 54,
          "title": "Math Olympiad(Find) - Primary",
          "pdfUrl": "https://ndmcbd.org/pdfs/Questions/NMF/4th/Copy of Math_Olympiad_Find_Primary.pdf",
          "thumbnail": "https://res.cloudinary.com/dqvx1e1g6/image/upload/v1762949652/Copy_of_Math_Olympiad_Find_Primary-1_ry4q0t.jpg"
        },
        {
          "id": 55,
          "title": "Math Olympiad(Proof) - Higher Secondary",
          "pdfUrl": "https://ndmcbd.org/pdfs/Questions/NMF/4th/Copy of Math_Olympiad_Proof_Higher-Secondary.pdf",
          "thumbnail": "https://res.cloudinary.com/dqvx1e1g6/image/upload/v1762949653/Copy_of_Math_Olympiad_Proof_Higher-Secondary-1_yhmmz9.jpg"
        },
        {
          "id": 56,
          "title": "Math Olympiad(Proof) - Secondary",
          "pdfUrl": "https://ndmcbd.org/pdfs/Questions/NMF/4th/Copy of Math_Olympiad_Proof_Secondary.pdf",
          "thumbnail": "https://res.cloudinary.com/dqvx1e1g6/image/upload/v1762949652/Copy_of_Math_Olympiad_Proof_Secondary-1_zxmet5.jpg"
        },
        {
          "id": 57,
          "title": "Math Olympiad(Proof) - Junior",
          "pdfUrl": "https://ndmcbd.org/pdfs/Questions/NMF/4th/Copy of Math_Olympiad_Proof_Junior.pdf",
          "thumbnail": "https://res.cloudinary.com/dqvx1e1g6/image/upload/v1762949650/Copy_of_Math_Olympiad_Proof_Junior-1_dnamxx.jpg"
        },
        {
          "id": 58,
          "title": "Math Olympiad(Proof) - Primary",
          "pdfUrl": "https://ndmcbd.org/pdfs/Questions/NMF/4th/Copy of Math_Olympiad_Proof_Primary.pdf",
          "thumbnail": "https://res.cloudinary.com/dqvx1e1g6/image/upload/v1762949652/Copy_of_Math_Olympiad_Proof_Primary-1_rzgskr.jpg"
        },
        {
          "id": 59,
          "title": "Math Relay - Higher Secondary",
          "pdfUrl": "https://ndmcbd.org/pdfs/Questions/NMF/4th/Copy of Math_Relay_Higher-Secondary.pdf",
          "thumbnail": "https://res.cloudinary.com/dqvx1e1g6/image/upload/v1762958146/Copy_of_Math_Relay_Higher-Secondary-1_afipaz.jpg"
        },
        {
          "id": 60,
          "title": "Math Relay - Secondary",
          "pdfUrl": "https://ndmcbd.org/pdfs/Questions/NMF/4th/Copy of Math_Relay_Secondary.pdf",
          "thumbnail": "https://res.cloudinary.com/dqvx1e1g6/image/upload/v1762958146/Copy_of_Math_Relay_Secondary-1_vcddli.jpg"
        },
        {
          "id": 61,
          "title": "Math Relay - Junior",
          "pdfUrl": "https://ndmcbd.org/pdfs/Questions/NMF/4th/Copy of Math_Relay_Junior.pdf",
          "thumbnail": "https://res.cloudinary.com/dqvx1e1g6/image/upload/v1762958145/Copy_of_Math_Relay_Junior-1_gql1ni.jpg"
        },
        {
          "id": 62,
          "title": "Numeralgia - Higher Secondary",
          "pdfUrl": "https://ndmcbd.org/pdfs/Questions/NMF/4th/Copy of Numeralgia_Higher-Secondary.pdf",
          "thumbnail": "https://res.cloudinary.com/dqvx1e1g6/image/upload/v1762949650/Copy_of_Numeralgia_Higher-Secondary-1_gyvmsy.jpg"
        },
        {
          "id": 63,
          "title": "Numeralgia - Secondary",
          "pdfUrl": "https://ndmcbd.org/pdfs/Questions/NMF/4th/Copy of Numeralgia_Secondary.pdf",
          "thumbnail": "https://res.cloudinary.com/dqvx1e1g6/image/upload/v1762949650/Copy_of_Numeralgia_Secondary-1_jqkiro.jpg"
        },
        {
          "id": 64,
          "title": "Numeralgia - Junior",
          "pdfUrl": "https://ndmcbd.org/pdfs/Questions/NMF/4th/Copy of Numeralgia_Junior.pdf",
          "thumbnail": "https://res.cloudinary.com/dqvx1e1g6/image/upload/v1762949650/Copy_of_Numeralgia_Junior-1_fw0oca.jpg"
        }
      ]
    },
    {
      "section": "3rd National Math Festival",
      "questions": [
        {
          "id": 65,
          "title": "Calculus Mania - Higher Secondary",
          "pdfUrl": "https://ndmcbd.org/pdfs/Questions/NMF/3rd/Copy of Higher_Secondary_Calculas.pdf",
          "thumbnail": "https://res.cloudinary.com/dfliocqzs/image/upload/v1762716139/Copy_of_Higher_Secondary_Calculas-1_pmbmt2.jpg"
        },
        {
          "id": 66,
          "title": "Crosswords - Junior",
          "pdfUrl": "https://ndmcbd.org/pdfs/Questions/NMF/3rd/Copy of Junior_Cross.pdf",
          "thumbnail": "https://res.cloudinary.com/dfliocqzs/image/upload/v1762716146/Copy_of_Junior_Cross-1_ptzu0u.jpg"
        },
        {
          "id": 67,
          "title": "Crosswords - Secondary",
          "pdfUrl": "https://ndmcbd.org/pdfs/Questions/NMF/3rd/Copy of Secondary_Cross.pdf",
          "thumbnail": "https://res.cloudinary.com/dfliocqzs/image/upload/v1762716151/Copy_of_Secondary_Cross-1_jiqaga.jpg"
        },
        {
          "id": 68,
          "title": "Crosswords - Higher Secondary",
          "pdfUrl": "https://ndmcbd.org/pdfs/Questions/NMF/3rd/Copy of Higher_Secondary_Cross.pdf",
          "thumbnail": "https://res.cloudinary.com/dfliocqzs/image/upload/v1762716139/Copy_of_Higher_Secondary_Cross-1_udk5bu.jpg"
        },
        {
          "id": 69,
          "title": "IQ Olympiad - Junior",
          "pdfUrl": "https://ndmcbd.org/pdfs/Questions/NMF/3rd/Copy of Junior_IQ.pdf",
          "thumbnail": "https://res.cloudinary.com/dfliocqzs/image/upload/v1762716150/Copy_of_Junior_IQ-1_maukmv.jpg"
        },
        {
          "id": 70,
          "title": "IQ Olympiad - Secondary",
          "pdfUrl": "https://ndmcbd.org/pdfs/Questions/NMF/3rd/Copy of Secondary_IQ.pdf",
          "thumbnail": "https://res.cloudinary.com/dfliocqzs/image/upload/v1762716153/Copy_of_Secondary_IQ-1_nvfifh.jpg"
        },
        {
          "id": 71,
          "title": "IQ Olympiad - Higher Secondary",
          "pdfUrl": "https://ndmcbd.org/pdfs/Questions/NMF/3rd/Copy of Higher_Secondary_IQ.pdf",
          "thumbnail": "https://res.cloudinary.com/dfliocqzs/image/upload/v1762716139/Copy_of_Higher_Secondary_IQ-1_czpda5.jpg"
        },
        {
          "id": 72,
          "title": "Killer Sudoku - Junior",
          "pdfUrl": "https://ndmcbd.org/pdfs/Questions/NMF/3rd/Copy of Junior_Killer_Sudoku.pdf",
          "thumbnail": "https://res.cloudinary.com/dfliocqzs/image/upload/v1762716147/Copy_of_Junior_Killer_Sudoku-1_hm8ggo.jpg"
        },
        {
          "id": 73,
          "title": "Killer Sudoku - Secondary",
          "pdfUrl": "https://ndmcbd.org/pdfs/Questions/NMF/3rd/Copy of Secondary_Killer_Sudoku.pdf",
          "thumbnail": "https://res.cloudinary.com/dfliocqzs/image/upload/v1762716159/Copy_of_Secondary_Killer_Sudoku-1_bpkjr4.jpg"
        },
        {
          "id": 74,
          "title": "Killer Sudoku - Higher Secondary",
          "pdfUrl": "https://ndmcbd.org/pdfs/Questions/NMF/3rd/Copy of Higher_Secondary_Killer_Sudoku.pdf",
          "thumbnail": "https://res.cloudinary.com/dfliocqzs/image/upload/v1762716140/Copy_of_Higher_Secondary_Killer_Sudoku-1_z8zopz.jpg"
        },
        {
          "id": 75,
          "title": "Math History Quiz - Secondary",
          "pdfUrl": "https://ndmcbd.org/pdfs/Questions/NMF/3rd/Copy of Secondary_History.pdf",
          "thumbnail": "https://res.cloudinary.com/dfliocqzs/image/upload/v1762716152/Copy_of_Secondary_History-1_qafbyo.jpg"
        },
        {
          "id": 76,
          "title": "Math History Quiz - Higher Secondary",
          "pdfUrl": "https://ndmcbd.org/pdfs/Questions/NMF/3rd/Copy of Higher_Secondary_History.pdf",
          "thumbnail": "https://res.cloudinary.com/dfliocqzs/image/upload/v1762716139/Copy_of_Higher_Secondary_History-1_rgcgn1.jpg"
        },
        {
          "id": 77,
          "title": "Math Olympiad - Junior",
          "pdfUrl": "https://ndmcbd.org/pdfs/Questions/NMF/3rd/Copy of Junior_Math.pdf",
          "thumbnail": "https://res.cloudinary.com/dfliocqzs/image/upload/v1762716148/Copy_of_Junior_Math-1_xrqaf4.jpg"
        },
        {
          "id": 78,
          "title": "Math Olympiad - Secondary",
          "pdfUrl": "https://ndmcbd.org/pdfs/Questions/NMF/3rd/Copy of Secondary_Math.pdf",
          "thumbnail": "https://res.cloudinary.com/dfliocqzs/image/upload/v1762716160/Copy_of_Secondary_Math-1_mt3ehk.jpg"
        },
        {
          "id": 79,
          "title": "Math Olympiad - Higher Secondary",
          "pdfUrl": "https://ndmcbd.org/pdfs/Questions/NMF/3rd/Copy of Higher_Secondary_Math.pdf",
          "thumbnail": "https://res.cloudinary.com/dfliocqzs/image/upload/v1762716141/Copy_of_Higher_Secondary_Math-1_yfxgaf.jpg"
        },
        {
          "id": 80,
          "title": "Math Relay - Junior",
          "pdfUrl": "https://ndmcbd.org/pdfs/Questions/NMF/3rd/Copy of Junior_Relay.pdf",
          "thumbnail": "https://res.cloudinary.com/dfliocqzs/image/upload/v1762716150/Copy_of_Junior_Relay-1_d2mopr.jpg"
        },
        {
          "id": 81,
          "title": "Math Relay - Secondary",
          "pdfUrl": "https://ndmcbd.org/pdfs/Questions/NMF/3rd/Copy of Secondary_Relay.pdf",
          "thumbnail": "https://res.cloudinary.com/dfliocqzs/image/upload/v1762717466/Copy_of_Secondary_Relay-1_ik1rcx.jpg"
        },
        {
          "id": 82,
          "title": "Math Relay - Higher Secondary",
          "pdfUrl": "https://ndmcbd.org/pdfs/Questions/NMF/3rd/Copy of Higher_Secondary_Relay.pdf",
          "thumbnail": "https://res.cloudinary.com/dfliocqzs/image/upload/v1762716141/Copy_of_Higher_Secondary_Relay-1_jsagoc.jpg"
        },
        {
          "id": 83,
          "title": "Navigating the Way - Secondary",
          "pdfUrl": "https://ndmcbd.org/pdfs/Questions/NMF/3rd/Copy of Secondary_Navigate.pdf",
          "thumbnail": "https://res.cloudinary.com/dfliocqzs/image/upload/v1762716160/Copy_of_Secondary_Navigate-1_xuvkv1.jpg"
        },
        {
          "id": 84,
          "title": "Navigating the Way - Higher Secondary",
          "pdfUrl": "https://ndmcbd.org/pdfs/Questions/NMF/3rd/Copy of Higher_Secondary_Navigate.pdf",
          "thumbnail": "https://res.cloudinary.com/dfliocqzs/image/upload/v1762716140/Copy_of_Higher_Secondary_Navigate-1_mzfxn6.jpg"
        },
        {
          "id": 85,
          "title": "Sudoku - Junior",
          "pdfUrl": "https://ndmcbd.org/pdfs/Questions/NMF/3rd/Copy of Junior_Sudoku.pdf",
          "thumbnail": "https://res.cloudinary.com/dfliocqzs/image/upload/v1762716152/Copy_of_Junior_Sudoku-1_pf17tt.jpg"
        },
        {
          "id": 86,
          "title": "Sudoku - Secondary",
          "pdfUrl": "https://ndmcbd.org/pdfs/Questions/NMF/3rd/Copy of Secondary_Sudoku.pdf",
          "thumbnail": "https://res.cloudinary.com/dfliocqzs/image/upload/v1762717462/Copy_of_Secondary_Sudoku-1_iwaslc.jpg"
        },
        {
          "id": 87,
          "title": "Sudoku - Higher Secondary",
          "pdfUrl": "https://ndmcbd.org/pdfs/Questions/NMF/3rd/Copy of Higher_Secondary_Sudoku.pdf",
          "thumbnail": "https://res.cloudinary.com/dfliocqzs/image/upload/v1762716147/Copy_of_Higher_Secondary_Sudoku-1_hdfywp.jpg"
        }
      ]
    },
    {
      "section": "Intra Math Festival",
      "questions": [
        {
          "id": 88,
          "title": "Intra Find Based (Batch 27, Fall Edition)",
          "pdfUrl": "https://ndmcbd.org/pdfs/Questions/Intra/Intra_Find_Based(Batch_27_Fall_Edition).pdf",
          "thumbnail": "https://res.cloudinary.com/dgw46nmoh/image/upload/v1763070198/combinepdf-01_x452xp.jpg"
        },
        {
          "id": 89,
          "title": "Intra Find+Proof (Batch 26, Summer Edition)",
          "pdfUrl": "https://ndmcbd.org/pdfs/Questions/Intra/Intra_Find_and_Proof(Batch 26_Summer_Edition).pdf",
          "thumbnail": "https://res.cloudinary.com/dgw46nmoh/image/upload/v1763070195/combinepdf-05_nxdbkm.jpg"
        },
        {
          "id": 90,
          "title": "Intra Proof Based (Batch 27, Fall Edition)",
          "pdfUrl": "https://ndmcbd.org/pdfs/Questions/Intra/Intra_Proof_Based(Batch 27_Fall_Edition).pdf",
          "thumbnail": "https://res.cloudinary.com/dgw46nmoh/image/upload/v1763070197/combinepdf-09_duhbfz.jpg"
        }
      ]
    }
  ]
  
